,Local Government Area,Year,"Rate per 100,000 population"
0,alpine,2015,3572.290610669
1,alpine,2016,3378.915566863
2,alpine,2017,2987.309844723
3,alpine,2018,3899.547652472
4,alpine,2019,4657.470551767
5,alpine,2020,4557.989888157
6,alpine,2021,4033.11560079
7,alpine,2022,4139.185808506
8,alpine,2023,3315.126687908
9,alpine,2024,3820.366193236
790,alpine,2025,3763.0894271642187
869,alpine,2026,3723.349451633885
948,alpine,2027,3695.776916320486
10,ararat,2015,9773.273789076
11,ararat,2016,10412.941677309
12,ararat,2017,11054.594777891
13,ararat,2018,10910.631088522
14,ararat,2019,10998.479472884
15,ararat,2020,11679.812049002
16,ararat,2021,15160.226600152
17,ararat,2022,10639.564551795
18,ararat,2023,11880.510142943
19,ararat,2024,11863.434643259
791,ararat,2025,12743.128051157075
870,ararat,2026,11863.438666417738
949,ararat,2027,12743.124028016737
20,ballarat,2015,10860.375052967
21,ballarat,2016,11223.188405797
22,ballarat,2017,11335.752385103
23,ballarat,2018,10614.452457066
24,ballarat,2019,9909.540597415
25,ballarat,2020,9962.828608536
26,ballarat,2021,8558.288694672
27,ballarat,2022,9013.800415478
28,ballarat,2023,9680.286447091
29,ballarat,2024,10624.516865989
792,ballarat,2025,10734.777347134932
871,ballarat,2026,10751.5820526605
950,ballarat,2027,10754.143243441333
30,banyule,2015,7097.424021318
31,banyule,2016,7858.16849357
32,banyule,2017,7505.829317581
33,banyule,2018,7468.857264067
34,banyule,2019,7009.578353381
35,banyule,2020,7440.864506424
36,banyule,2021,6660.909162283
37,banyule,2022,5743.680695614
38,banyule,2023,6046.974583726
39,banyule,2024,6708.126083422
793,banyule,2025,6667.3366085338075
872,banyule,2026,6634.830579018808
951,banyule,2027,6608.925809277926
40,bass coast,2015,7978.266208251
41,bass coast,2016,9060.482907005
42,bass coast,2017,7617.704616093
43,bass coast,2018,6013.912368705
44,bass coast,2019,6538.461538462
45,bass coast,2020,6649.550706033
46,bass coast,2021,7778.733866011
47,bass coast,2022,7081.529667807
48,bass coast,2023,6534.203936437
49,bass coast,2024,7660.112632396
794,bass coast,2025,7311.166937882893
873,bass coast,2026,7112.38853495296
952,bass coast,2027,6999.153570049588
50,baw baw,2015,7487.927754667
51,baw baw,2016,8388.104511522
52,baw baw,2017,7609.614212998
53,baw baw,2018,7777.375255019
54,baw baw,2019,8722.038225988
55,baw baw,2020,8596.84680645
56,baw baw,2021,8447.013086188
57,baw baw,2022,7026.333991261
58,baw baw,2023,7215.882857331
59,baw baw,2024,7980.09941692
795,baw baw,2025,8007.254702335753
874,baw baw,2026,7998.604606719824
953,baw baw,2027,8001.360024422829
60,bayside,2015,4232.334004819
61,bayside,2016,4931.397699005
62,bayside,2017,4976.607340954
63,bayside,2018,4556.359500301
64,bayside,2019,4605.813865003
65,bayside,2020,5136.262355025
66,bayside,2021,4686.889218982
67,bayside,2022,4448.31329897
68,bayside,2023,5181.640325303
69,bayside,2024,4953.812532763
796,bayside,2025,4629.307479629605
875,bayside,2026,4753.284414208084
954,bayside,2027,4705.919110774247
70,benalla,2015,7778.49601379
71,benalla,2016,10863.967958804
72,benalla,2017,9317.389138017
73,benalla,2018,9238.593021613
74,benalla,2019,9074.945564375
75,benalla,2020,8489.77889028
76,benalla,2021,10169.02188972
77,benalla,2022,9119.822996612
78,benalla,2023,10269.116938537
79,benalla,2024,11454.588159133
797,benalla,2025,10841.167514048064
876,benalla,2026,11211.854198004094
955,benalla,2027,10987.8502966628
80,boroondara,2015,3767.031181153
81,boroondara,2016,4548.839098355
82,boroondara,2017,4673.943464875
83,boroondara,2018,3819.696074387
84,boroondara,2019,4044.238379633
85,boroondara,2020,4947.8566409
86,boroondara,2021,4271.772611889
87,boroondara,2022,4156.644972647
88,boroondara,2023,4419.693245558
89,boroondara,2024,4355.176905533
798,boroondara,2025,4313.202012032289
877,boroondara,2026,4299.263995022603
956,boroondara,2027,4294.635792257562
90,brimbank,2015,9036.642437519
91,brimbank,2016,9600.861942309
92,brimbank,2017,8665.993906344
93,brimbank,2018,8901.955289718
94,brimbank,2019,9055.428469176
95,brimbank,2020,9907.792354062
96,brimbank,2021,9773.128347005
97,brimbank,2022,8461.570282121
98,brimbank,2023,8736.214969956
99,brimbank,2024,8856.435232026
799,brimbank,2025,8630.954037259067
878,brimbank,2026,8743.20545032329
957,brimbank,2027,8687.323274659198
100,buloke,2015,3647.320012686
101,buloke,2016,4026.098026735
102,buloke,2017,2845.201736055
103,buloke,2018,3974.89539749
104,buloke,2019,4103.146286085
105,buloke,2020,5945.419103314
106,buloke,2021,6702.544031311
107,buloke,2022,5065.359477124
108,buloke,2023,6887.417218543
109,buloke,2024,6271.252462772
800,buloke,2025,6366.3522924670815
879,buloke,2026,6356.476635966084
958,buloke,2027,6357.502175040532
110,campaspe,2015,8028.53402442
111,campaspe,2016,9461.364543157
112,campaspe,2017,9362.681552422
113,campaspe,2018,9407.610414251
114,campaspe,2019,10818.8208141
115,campaspe,2020,10094.061856745
116,campaspe,2021,8577.134557527
117,campaspe,2022,8514.887436456
118,campaspe,2023,9940.207316118
119,campaspe,2024,10603.287869207
801,campaspe,2025,10604.274493362916
880,campaspe,2026,10604.200679423346
959,campaspe,2027,10604.2062017873
120,cardinia,2015,6861.470454398
121,cardinia,2016,7850.532421879
122,cardinia,2017,6460.130258757
123,cardinia,2018,5412.127729207
124,cardinia,2019,5615.078302173
125,cardinia,2020,6066.692416634
126,cardinia,2021,5924.414374483
127,cardinia,2022,4973.169563488
128,cardinia,2023,5174.858223062
129,cardinia,2024,6013.873023855
802,cardinia,2025,6096.985834748414
881,cardinia,2026,6089.138941860786
960,cardinia,2027,6089.879787072589
130,casey,2015,6492.548275954
131,casey,2016,7279.028354578
132,casey,2017,7231.35536366
133,casey,2018,5977.455507014
134,casey,2019,6141.656676307
135,casey,2020,6526.636810726
136,casey,2021,5743.888645355
137,casey,2022,5160.589178695
138,casey,2023,5686.924587488
139,casey,2024,6160.965109767
803,casey,2025,6206.9259825394865
882,casey,2026,6198.044894638118
961,casey,2027,6199.761000481066
140,central goldfields,2015,8324.324324324
141,central goldfields,2016,12065.40842057
142,central goldfields,2017,9295.454545455
143,central goldfields,2018,12025.506376594
144,central goldfields,2019,9880.889954304
145,central goldfields,2020,9297.955502105
146,central goldfields,2021,8335.823125187
147,central goldfields,2022,8579.881656805
148,central goldfields,2023,8398.408722558
149,central goldfields,2024,10806.677612284
804,central goldfields,2025,10804.132604442713
883,central goldfields,2026,10806.677607971926
962,central goldfields,2027,10804.13260875478
150,colac-otway,2015,6354.215732454
151,colac-otway,2016,8716.412320944
152,colac-otway,2017,9701.319749942
153,colac-otway,2018,7267.561746781
154,colac-otway,2019,7228.751644961
155,colac-otway,2020,7995.869623777
156,colac-otway,2021,6844.771168587
157,colac-otway,2022,7135.777998018
158,colac-otway,2023,6986.036905671
159,colac-otway,2024,7611.264518945
805,colac-otway,2025,7835.127595958277
884,colac-otway,2026,7697.068633148407
963,colac-otway,2027,7782.211200946699
160,corangamite,2015,3920.363770431
161,corangamite,2016,4986.763528905
162,corangamite,2017,6634.314147061
163,corangamite,2018,5230.731316616
164,corangamite,2019,4044.276791788
165,corangamite,2020,4413.955798361
166,corangamite,2021,5358.702432938
167,corangamite,2022,5112.819551222
168,corangamite,2023,4339.102081766
169,corangamite,2024,5128.493143739
806,corangamite,2025,4999.740736594029
885,corangamite,2026,4885.892211877908
964,corangamite,2027,4785.222353601449
170,darebin,2015,9472.014949926
171,darebin,2016,10686.151902325
172,darebin,2017,10448.810094234
173,darebin,2018,9343.551682654
174,darebin,2019,9253.137357118
175,darebin,2020,9654.518133659
176,darebin,2021,9792.010432746
177,darebin,2022,8326.416785631
178,darebin,2023,8502.533995362
179,darebin,2024,9172.670622599
807,darebin,2025,9290.387471466142
886,darebin,2026,9281.308435518107
965,darebin,2027,9282.008665727622
180,east gippsland,2015,9184.719622002
181,east gippsland,2016,9440.789473684
182,east gippsland,2017,8409.961271339
183,east gippsland,2018,9325.73963866
184,east gippsland,2019,9605.174448003
185,east gippsland,2020,10360.529723858
186,east gippsland,2021,10479.196319904
187,east gippsland,2022,10045.15825824
188,east gippsland,2023,10248.276703471
189,east gippsland,2024,11392.300109797
808,east gippsland,2025,11694.929101248166
887,east gippsland,2026,11501.563587514298
966,east gippsland,2027,11625.114942334169
190,frankston,2015,10528.340227883
191,frankston,2016,11508.078737222
192,frankston,2017,11253.120532571
193,frankston,2018,10445.06150596
194,frankston,2019,10126.082975276
195,frankston,2020,10582.948287866
196,frankston,2021,9614.838379822
197,frankston,2022,8299.034435857
198,frankston,2023,9549.381765225
199,frankston,2024,11260.784016865
809,frankston,2025,11507.523660953888
888,frankston,2026,11443.016446405316
967,frankston,2027,11459.881108523887
200,gannawarra,2015,5039.86332574
201,gannawarra,2016,5290.053941516
202,gannawarra,2017,6262.969251085
203,gannawarra,2018,5357.985095746
204,gannawarra,2019,8473.773906457
205,gannawarra,2020,7319.14893617
206,gannawarra,2021,9194.536033914
207,gannawarra,2022,7376.115435732
208,gannawarra,2023,8291.746641075
209,gannawarra,2024,9669.776394792
810,gannawarra,2025,10417.798604627736
889,gannawarra,2026,9690.495658436992
968,gannawarra,2027,10397.6532382285
210,glen eira,2015,3965.762999918
211,glen eira,2016,4618.967176595
212,glen eira,2017,4997.942960279
213,glen eira,2018,4296.898070071
214,glen eira,2019,4339.465752001
215,glen eira,2020,5143.027105318
216,glen eira,2021,4874.60003452
217,glen eira,2022,4380.730319317
218,glen eira,2023,4758.443479536
219,glen eira,2024,4684.432494332
811,glen eira,2025,4468.809079005925
890,glen eira,2026,4559.688900823476
969,glen eira,2027,4521.385352013158
220,glenelg,2015,9121.79292161
221,glenelg,2016,8057.087909307
222,glenelg,2017,8403.191596808
223,glenelg,2018,7761.524154225
224,glenelg,2019,7167.867146859
225,glenelg,2020,7963.101470955
226,glenelg,2021,8490.377904078
227,glenelg,2022,9127.637288643
228,glenelg,2023,8021.176705624
229,glenelg,2024,8850.064805874
812,glenelg,2025,8549.572337869702
891,glenelg,2026,8507.370005545898
970,glenelg,2027,8501.442945658515
230,golden plains,2015,3067.14045259
231,golden plains,2016,3779.069767442
232,golden plains,2017,3325.520718171
233,golden plains,2018,2936.483980855
234,golden plains,2019,2528.349433011
235,golden plains,2020,2585.570056636
236,golden plains,2021,2426.482403985
237,golden plains,2022,2452.509774495
238,golden plains,2023,2587.342164381
239,golden plains,2024,2844.758132911
813,golden plains,2025,2838.000584170321
892,golden plains,2026,2833.076763570951
971,golden plains,2027,2829.4890707217914
240,greater bendigo,2015,7707.355242567
241,greater bendigo,2016,8541.245423856
242,greater bendigo,2017,9238.174419113
243,greater bendigo,2018,8378.80639664
244,greater bendigo,2019,9514.947468151
245,greater bendigo,2020,9355.774521082
246,greater bendigo,2021,9042.483013391
247,greater bendigo,2022,8157.028295736
248,greater bendigo,2023,8941.485335094
249,greater bendigo,2024,9516.382806248
814,greater bendigo,2025,9516.377907828995
893,greater bendigo,2026,9516.373009557068
972,greater bendigo,2027,9516.368111432213
250,greater dandenong,2015,11086.0496857
251,greater dandenong,2016,12879.005380035
252,greater dandenong,2017,12213.670177506
253,greater dandenong,2018,11125.867976591
254,greater dandenong,2019,10899.239909559
255,greater dandenong,2020,11421.810103352
256,greater dandenong,2021,11420.986883198
257,greater dandenong,2022,9798.234710661
258,greater dandenong,2023,11494.456383706
259,greater dandenong,2024,11580.952568241
815,greater dandenong,2025,11580.442832878001
894,greater dandenong,2026,11579.9332211719
973,greater dandenong,2027,11579.423733092694
260,greater geelong,2015,8223.212522432
261,greater geelong,2016,9684.004859537
262,greater geelong,2017,9201.084486006
263,greater geelong,2018,8528.883183569
264,greater geelong,2019,7965.510083265
265,greater geelong,2020,8580.417687832
266,greater geelong,2021,7840.712798783
267,greater geelong,2022,7282.692398075
268,greater geelong,2023,7560.579755241
269,greater geelong,2024,8088.503515248
816,greater geelong,2025,8281.467755009558
895,greater geelong,2026,8258.889671243627
974,greater geelong,2027,8261.531455375087
270,greater shepparton,2015,11408.147125866
271,greater shepparton,2016,12361.691664618
272,greater shepparton,2017,12620.726252748
273,greater shepparton,2018,12498.129470565
274,greater shepparton,2019,12998.095463068
275,greater shepparton,2020,12907.088822035
276,greater shepparton,2021,14093.920555701
277,greater shepparton,2022,11980.163563598
278,greater shepparton,2023,13340.565560136
279,greater shepparton,2024,12677.28080271
817,greater shepparton,2025,13234.299155021443
896,greater shepparton,2026,12677.288258050034
975,greater shepparton,2027,13234.291699781195
280,hepburn,2015,4845.441502543
281,hepburn,2016,5455.716586151
282,hepburn,2017,5404.889228419
283,hepburn,2018,5294.931455163
284,hepburn,2019,4942.564420987
285,hepburn,2020,5196.156435522
286,hepburn,2021,3615.407946618
287,hepburn,2022,3385.023833947
288,hepburn,2023,4199.160167966
289,hepburn,2024,4474.830795883
818,hepburn,2025,4616.872265929186
897,hepburn,2026,4515.188540305504
976,hepburn,2027,4587.98122580327
290,hindmarsh,2015,3391.873278237
291,hindmarsh,2016,5186.721991701
292,hindmarsh,2017,7175.279329609
293,hindmarsh,2018,5868.915832015
294,hindmarsh,2019,6351.446718419
295,hindmarsh,2020,6280.875088215
296,hindmarsh,2021,10891.089108911
297,hindmarsh,2022,6748.794858061
298,hindmarsh,2023,4803.022126282
299,hindmarsh,2024,5739.737013084
819,hindmarsh,2025,5514.064811676825
898,hindmarsh,2026,5342.010139514585
977,hindmarsh,2027,5210.833990975827
300,hobsons bay,2015,7389.227043655
301,hobsons bay,2016,7484.616619402
302,hobsons bay,2017,6685.846651788
303,hobsons bay,2018,6335.260115607
304,hobsons bay,2019,6539.481099585
305,hobsons bay,2020,6404.882711964
306,hobsons bay,2021,6061.755557241
307,hobsons bay,2022,6763.258730297
308,hobsons bay,2023,6016.770146579
309,hobsons bay,2024,6760.139375802
820,hobsons bay,2025,6618.270863516454
899,hobsons bay,2026,6571.584147240875
978,hobsons bay,2027,6556.220276558921
310,horsham,2015,14293.654001617
311,horsham,2016,14549.38644136
312,horsham,2017,12904.840566652
313,horsham,2018,12370.414673046
314,horsham,2019,13490.099009901
315,horsham,2020,11169.977924945
316,horsham,2021,11930.702787593
317,horsham,2022,11804.599960684
318,horsham,2023,12729.510214127
319,horsham,2024,12989.284506957
821,horsham,2025,12799.122741507244
900,horsham,2026,12679.42308288111
979,horsham,2027,12604.076662735475
320,hume,2015,9554.638301308
321,hume,2016,10914.746354587
322,hume,2017,10133.688479484
323,hume,2018,8960.385942197
324,hume,2019,8948.03925734
325,hume,2020,8838.341343687
326,hume,2021,8404.746476592
327,hume,2022,6827.499585279
328,hume,2023,6940.829032896
329,hume,2024,7444.876869505
822,hume,2025,7501.449834018975
901,hume,2026,7499.027494444897
980,hume,2027,7499.131214111394
330,indigo,2015,2958.171084035
331,indigo,2016,2870.399010207
332,indigo,2017,2794.386821232
333,indigo,2018,2467.946788659
334,indigo,2019,3389.428774591
335,indigo,2020,3289.512123868
336,indigo,2021,3593.994551041
337,indigo,2022,3822.094691535
338,indigo,2023,3997.282300985
339,indigo,2024,3527.102276945
823,indigo,2025,3727.916209093709
902,indigo,2026,3527.1301367245414
981,indigo,2027,3727.888353179275
340,kingston,2015,6550.651545019
341,kingston,2016,7110.814704828
342,kingston,2017,7045.085550144
343,kingston,2018,6510.808052695
344,kingston,2019,7122.896468887
345,kingston,2020,7400.916689135
346,kingston,2021,6782.02990837
347,kingston,2022,6064.069653419
348,kingston,2023,7361.168796267
349,kingston,2024,7115.130921872
824,kingston,2025,7037.970140610891
903,kingston,2026,6967.176561147735
982,kingston,2027,6902.224770726554
350,knox,2015,6145.557655955
351,knox,2016,6648.456842092
352,knox,2017,7493.57684569
353,knox,2018,6986.378101552
354,knox,2019,6757.170499914
355,knox,2020,7433.748667622
356,knox,2021,6890.53532817
357,knox,2022,5691.041623576
358,knox,2023,6137.878169702
359,knox,2024,6316.391716121
825,knox,2025,6270.819179713203
904,knox,2026,6291.703157120007
983,knox,2027,6282.132908309953
360,latrobe,2015,17382.112945359
361,latrobe,2016,18881.831095387
362,latrobe,2017,18547.570850202
363,latrobe,2018,18373.772920911
364,latrobe,2019,18749.096832674
365,latrobe,2020,17868.967854629
366,latrobe,2021,16500.901228004
367,latrobe,2022,13809.922141432
368,latrobe,2023,14934.61627044
369,latrobe,2024,15979.657478723
826,latrobe,2025,16068.408636418675
905,latrobe,2026,16057.824269961005
984,latrobe,2027,16059.086549983249
370,loddon,2015,4474.837338999
371,loddon,2016,6562.582693834
372,loddon,2017,5430.04359889
373,loddon,2018,5419.626414102
374,loddon,2019,6304.889238432
375,loddon,2020,6373.253232336
376,loddon,2021,7425.678307153
377,loddon,2022,6503.225806452
378,loddon,2023,5640.893249
379,loddon,2024,5835.955534955
827,loddon,2025,5633.086541943114
906,loddon,2026,5728.202564061975
985,loddon,2027,5683.606997586296
380,macedon ranges,2015,4627.692838505
381,macedon ranges,2016,5035.804549284
382,macedon ranges,2017,4566.766497986
383,macedon ranges,2018,4249.320514381
384,macedon ranges,2019,4971.891072924
385,macedon ranges,2020,4819.821589971
386,macedon ranges,2021,4817.922827962
387,macedon ranges,2022,3720.163978392
388,macedon ranges,2023,4206.349206349
389,macedon ranges,2024,4026.18488469
828,macedon ranges,2025,4226.0826662310055
907,macedon ranges,2026,4312.344954350529
986,macedon ranges,2027,4349.569891487159
390,manningham,2015,3580.742641884
391,manningham,2016,3664.028718283
392,manningham,2017,4184.457728437
393,manningham,2018,3763.66005548
394,manningham,2019,3719.467498995
395,manningham,2020,3687.093220405
396,manningham,2021,3706.853386954
397,manningham,2022,2973.848463301
398,manningham,2023,3437.466219868
399,manningham,2024,3922.570448678
829,manningham,2025,3731.4304646091186
908,manningham,2026,3664.3478920188004
987,manningham,2027,3640.804562938509
400,mansfield,2015,5099.648300117
401,mansfield,2016,6490.661747752
402,mansfield,2017,7159.716758458
403,mansfield,2018,6391.347099312
404,mansfield,2019,4810.449187639
405,mansfield,2020,4707.924836601
406,mansfield,2021,5582.452326845
407,mansfield,2022,4062.681369704
408,mansfield,2023,4466.148302674
409,mansfield,2024,5096.245515643
830,mansfield,2025,5062.845303215854
909,mansfield,2026,5070.995808791309
988,mansfield,2027,5069.006877095727
410,maribyrnong,2015,9324.982602644
411,maribyrnong,2016,10700.236939569
412,maribyrnong,2017,9857.013163867
413,maribyrnong,2018,9334.878644327
414,maribyrnong,2019,9243.237200984
415,maribyrnong,2020,10505.714733052
416,maribyrnong,2021,10219.366788216
417,maribyrnong,2022,9694.652131728
418,maribyrnong,2023,10085.874327063
419,maribyrnong,2024,11323.117749357
831,maribyrnong,2025,11480.332950322512
910,maribyrnong,2026,11637.530062629265
989,maribyrnong,2027,11794.709088358477
420,maroondah,2015,6910.097944666
421,maroondah,2016,7463.414634146
422,maroondah,2017,7680.063326536
423,maroondah,2018,6791.889007471
424,maroondah,2019,6985.122705887
425,maroondah,2020,6758.527410288
426,maroondah,2021,6854.189101874
427,maroondah,2022,6214.635579091
428,maroondah,2023,6469.165659008
429,maroondah,2024,6621.313431695
832,maroondah,2025,6788.463689095129
911,maroondah,2026,6621.425557381911
990,maroondah,2027,6788.351638622997
430,melbourne,2015,25240.3705652
431,melbourne,2016,24768.64527434
432,melbourne,2017,23700.274436379
433,melbourne,2018,22954.402159608
434,melbourne,2019,20277.356882428
435,melbourne,2020,20979.078369649
436,melbourne,2021,23351.83854745
437,melbourne,2022,21761.014919415
438,melbourne,2023,19456.470269905
439,melbourne,2024,20827.485254215
833,melbourne,2025,20536.68705504104
912,melbourne,2026,20813.061856821314
991,melbourne,2027,20550.395061510826
440,melton,2015,7518.066931031
441,melton,2016,8610.521849809
442,melton,2017,7495.746784031
443,melton,2018,6861.589998663
444,melton,2019,6810.040172773
445,melton,2020,7700.816980284
446,melton,2021,7457.015870215
447,melton,2022,6255.529399591
448,melton,2023,5911.58344252
449,melton,2024,6549.628744677
834,melton,2025,6994.554149891325
913,melton,2026,6888.166202143974
992,melton,2027,6913.605062890622
450,merri-bek,2015,7696.431762673
451,merri-bek,2016,8552.822501074
452,merri-bek,2017,7945.291531038
453,merri-bek,2018,7697.026660438
454,merri-bek,2019,7944.146726371
455,merri-bek,2020,7962.006332278
456,merri-bek,2021,7397.11815562
457,merri-bek,2022,6500.806239493
458,merri-bek,2023,6946.138183343
459,merri-bek,2024,7214.225374458
835,merri-bek,2025,6976.160229671493
914,merri-bek,2026,7034.692513286448
993,merri-bek,2027,7020.301375817526
460,mildura,2015,10907.378683802
461,mildura,2016,11531.706246112
462,mildura,2017,12200.313892447
463,mildura,2018,11828.186772091
464,mildura,2019,12680.572193644
465,mildura,2020,13065.317868667
466,mildura,2021,10472.913667802
467,mildura,2022,12670.742358079
468,mildura,2023,13535.114848664
469,mildura,2024,13883.413292456
836,mildura,2025,14130.66280424966
915,mildura,2026,14377.857977178675
994,mildura,2027,14624.998823185284
470,mitchell,2015,9149.612557123
471,mitchell,2016,10489.292977629
472,mitchell,2017,10644.674178186
473,mitchell,2018,9875.213214831
474,mitchell,2019,9751.363940224
475,mitchell,2020,9753.915919539
476,mitchell,2021,10335.532668169
477,mitchell,2022,6950.195425874
478,mitchell,2023,7402.788377417
479,mitchell,2024,8865.29451511
837,mitchell,2025,8711.972248771974
916,mitchell,2026,8571.055268749544
995,mitchell,2027,8441.53986480383
480,moira,2015,5053.264135482
481,moira,2016,5840.059689344
482,moira,2017,6652.757680789
483,moira,2018,6616.516215313
484,moira,2019,7767.699923586
485,moira,2020,8066.539045482
486,moira,2021,8008.69364771
487,moira,2022,6447.815851426
488,moira,2023,7639.317627945
489,moira,2024,8564.03624111
838,moira,2025,8882.691429510221
917,moira,2026,9201.27486019486
996,moira,2027,9519.78654932298
490,monash,2015,4974.785118462
491,monash,2016,6349.12394549
492,monash,2017,5989.798943097
493,monash,2018,5417.908186455
494,monash,2019,5278.781750283
495,monash,2020,6007.24136042
496,monash,2021,6576.184724174
497,monash,2022,5778.625288983
498,monash,2023,6282.668500688
499,monash,2024,6523.160312647
839,monash,2025,6123.836519698876
918,monash,2026,6291.225597516887
997,monash,2027,6221.059221589459
500,moonee valley,2015,7513.869135248
501,moonee valley,2016,7555.078090029
502,moonee valley,2017,7583.594083059
503,moonee valley,2018,7039.77304422
504,moonee valley,2019,6245.747828426
505,moonee valley,2020,6810.688877321
506,moonee valley,2021,6444.896299309
507,moonee valley,2022,6349.141887117
508,moonee valley,2023,6243.37871385
509,moonee valley,2024,6605.580368357
840,moonee valley,2025,6636.402053386439
919,moonee valley,2026,6657.475629056072
998,moonee valley,2027,6671.884172621409
510,moorabool,2015,6428.751417412
511,moorabool,2016,7103.942213516
512,moorabool,2017,7459.408115409
513,moorabool,2018,6623.968611159
514,moorabool,2019,6205.123906909
515,moorabool,2020,5992.854049372
516,moorabool,2021,6950.67264574
517,moorabool,2022,5032.964751077
518,moorabool,2023,6077.969917119
519,moorabool,2024,6512.235476999
841,moorabool,2025,6317.199323148905
920,moorabool,2026,6197.08194933162
999,moorabool,2027,6123.104980405896
520,mornington peninsula,2015,6632.836159188
521,mornington peninsula,2016,7201.847357734
522,mornington peninsula,2017,7088.215947572
523,mornington peninsula,2018,6531.423356788
524,mornington peninsula,2019,6309.239949227
525,mornington peninsula,2020,6925.95160589
526,mornington peninsula,2021,5844.285379019
527,mornington peninsula,2022,5364.307471146
528,mornington peninsula,2023,5590.244532815
529,mornington peninsula,2024,6819.233680352
842,mornington peninsula,2025,6608.7063148116895
921,mornington peninsula,2026,6465.94062203039
1000,mornington peninsula,2027,6369.126400358948
530,mount alexander,2015,5081.408960306
531,mount alexander,2016,6409.383672828
532,mount alexander,2017,5788.464528165
533,mount alexander,2018,4456.41025641
534,mount alexander,2019,5595.044679123
535,mount alexander,2020,5521.841616932
536,mount alexander,2021,4419.807099533
537,mount alexander,2022,4851.407203306
538,mount alexander,2023,4626.749611198
539,mount alexander,2024,5357.290568626
843,mount alexander,2025,5138.148402478239
922,mount alexander,2026,5039.2646309794845
1001,mount alexander,2027,4994.645193115459
540,moyne,2015,3718.883732144
541,moyne,2016,3501.224831212
542,moyne,2017,4201.680672269
543,moyne,2018,3178.078948926
544,moyne,2019,3741.836794728
545,moyne,2020,3820.724357849
546,moyne,2021,3729.185938945
547,moyne,2022,4405.53839112
548,moyne,2023,3429.869392391
549,moyne,2024,3710.805855126
844,moyne,2025,3751.9979079980235
923,moyne,2026,3738.750774240129
1002,moyne,2027,3743.0109783466046
550,murrindindi,2015,4628.827267475
551,murrindindi,2016,5230.572160547
552,murrindindi,2017,4695.591322603
553,murrindindi,2018,5020.259597555
554,murrindindi,2019,5001.017846237
555,murrindindi,2020,5628.025820334
556,murrindindi,2021,6077.019618205
557,murrindindi,2022,4858.985214616
558,murrindindi,2023,5096.240795763
559,murrindindi,2024,4868.696825068
845,murrindindi,2025,4937.2870181981925
924,murrindindi,2026,4961.192541688458
1003,murrindindi,2027,4969.524258326999
560,nillumbik,2015,3517.864153907
561,nillumbik,2016,5396.266400723
562,nillumbik,2017,4259.943490546
563,nillumbik,2018,3400.886244616
564,nillumbik,2019,3333.643584016
565,nillumbik,2020,3522.900407326
566,nillumbik,2021,3713.159968479
567,nillumbik,2022,2904.893286398
568,nillumbik,2023,2582.827516439
569,nillumbik,2024,3140.003033609
846,nillumbik,2025,3407.793823085438
925,nillumbik,2026,3368.0809420773385
1004,nillumbik,2027,3373.97028920928
570,northern grampians,2015,9438.33734112
571,northern grampians,2016,10138.288677615
572,northern grampians,2017,10784.229143301
573,northern grampians,2018,8784.596871239
574,northern grampians,2019,8516.272315709
575,northern grampians,2020,9140.194832698
576,northern grampians,2021,10567.053676594
577,northern grampians,2022,8763.363919522
578,northern grampians,2023,8392.96237057
579,northern grampians,2024,9266.111126315
847,northern grampians,2025,9097.99521222561
926,northern grampians,2026,8946.686793299097
1005,northern grampians,2027,8810.505529543969
580,port phillip,2015,11241.669095045
581,port phillip,2016,11831.312657074
582,port phillip,2017,12410.178683929
583,port phillip,2018,11603.587006583
584,port phillip,2019,11008.033493765
585,port phillip,2020,11786.67679563
586,port phillip,2021,12998.124480365
587,port phillip,2022,11578.735013833
588,port phillip,2023,11825.777290782
589,port phillip,2024,11650.460068723
848,port phillip,2025,11626.959702640414
927,port phillip,2026,11603.699038261182
1006,port phillip,2027,11580.675630648644
590,pyrenees,2015,6964.758322886
591,pyrenees,2016,7914.160743576
592,pyrenees,2017,7412.969283276
593,pyrenees,2018,5732.223283745
594,pyrenees,2019,8564.908041348
595,pyrenees,2020,7303.817603393
596,pyrenees,2021,6260.664129151
597,pyrenees,2022,5514.177446753
598,pyrenees,2023,4854.867711277
599,pyrenees,2024,5206.77613254
849,pyrenees,2025,5276.865823388917
928,pyrenees,2026,5328.365727961089
1007,pyrenees,2027,5366.206388104103
600,queenscliffe,2015,5114.217524719
601,queenscliffe,2016,5257.767156026
602,queenscliffe,2017,5165.92541909
603,queenscliffe,2018,9952.606635071
604,queenscliffe,2019,4574.503868147
605,queenscliffe,2020,3715.670436187
606,queenscliffe,2021,3028.430160692
607,queenscliffe,2022,4036.013660354
608,queenscliffe,2023,2038.295243978
609,queenscliffe,2024,1992.915907231
850,queenscliffe,2025,2837.098958432921
929,queenscliffe,2026,3266.7171181840304
1008,queenscliffe,2027,3485.356621695908
610,south gippsland,2015,4277.127271464
611,south gippsland,2016,4694.045738617
612,south gippsland,2017,5405.129253091
613,south gippsland,2018,4614.241318741
614,south gippsland,2019,5290.244962069
615,south gippsland,2020,5503.43551797
616,south gippsland,2021,6268.921942872
617,south gippsland,2022,5493.682428032
618,south gippsland,2023,6417.285793077
619,south gippsland,2024,7683.258967701
851,south gippsland,2025,7911.729398140434
930,south gippsland,2026,7683.490542186415
1009,south gippsland,2027,7911.4980583757315
620,southern grampians,2015,6422.472466279
621,southern grampians,2016,7579.234633753
622,southern grampians,2017,8206.33059789
623,southern grampians,2018,9256.644773188
624,southern grampians,2019,8456.465990963
625,southern grampians,2020,7215.557978917
626,southern grampians,2021,6427.358719379
627,southern grampians,2022,6828.851899274
628,southern grampians,2023,7304.189435337
629,southern grampians,2024,9558.701187783
852,southern grampians,2025,10556.970885560559
931,southern grampians,2026,10887.754310104196
1010,southern grampians,2027,10997.361637859824
630,stonnington,2015,9068.94508831
631,stonnington,2016,9666.405412466
632,stonnington,2017,9658.087645139
633,stonnington,2018,9305.629080642
634,stonnington,2019,9252.196836555
635,stonnington,2020,10787.674274043
636,stonnington,2021,10767.492230907
637,stonnington,2022,9826.893470016
638,stonnington,2023,10246.553195311
639,stonnington,2024,9917.831843199
853,stonnington,2025,9582.825015322032
932,stonnington,2026,9767.114872241857
1011,stonnington,2027,9665.735591172392
640,strathbogie,2015,4855.036855037
641,strathbogie,2016,5658.009075987
642,strathbogie,2017,6000.759589821
643,strathbogie,2018,5515.185392212
644,strathbogie,2019,6023.654533786
645,strathbogie,2020,5090.518013981
646,strathbogie,2021,5374.736101337
647,strathbogie,2022,5731.654363873
648,strathbogie,2023,4715.840386941
649,strathbogie,2024,5403.157806831
854,strathbogie,2025,5359.167880060981
933,strathbogie,2026,5326.546561890462
1012,strathbogie,2027,5302.355787380978
650,surf coast,2015,4644.725738397
651,surf coast,2016,5064.828491712
652,surf coast,2017,4170.495959436
653,surf coast,2018,3447.328244275
654,surf coast,2019,3437.289919037
655,surf coast,2020,3754.151896614
656,surf coast,2021,3870.059498513
657,surf coast,2022,3183.18163012
658,surf coast,2023,2868.268349791
659,surf coast,2024,3295.175539708
855,surf coast,2025,3499.637749899199
934,surf coast,2026,3497.737596510103
1013,surf coast,2027,3497.7552554354306
660,swan hill,2015,10635.140956301
661,swan hill,2016,10825.038284839
662,swan hill,2017,10859.55669467
663,swan hill,2018,11854.990583804
664,swan hill,2019,12187.602186201
665,swan hill,2020,11237.731987534
666,swan hill,2021,12188.391562602
667,swan hill,2022,10890.343236499
668,swan hill,2023,10263.058646049
669,swan hill,2024,9815.723195331
856,swan hill,2025,10011.934049332203
935,swan hill,2026,9815.739320263909
1014,swan hill,2027,10011.917925724469
670,towong,2015,2830.974188177
671,towong,2016,4250.744293748
672,towong,2017,3413.588390501
673,towong,2018,3393.442622951
674,towong,2019,3337.675024422
675,towong,2020,3630.470016207
676,towong,2021,3604.914322664
677,towong,2022,2484.672474992
678,towong,2023,3347.749479417
679,towong,2024,4470.166297898
857,towong,2025,3946.0410387501015
936,towong,2026,3743.514704321555
1015,towong,2027,3665.2568538913984
680,wangaratta,2015,8705.539565789
681,wangaratta,2016,8929.07106883
682,wangaratta,2017,8542.019273946
683,wangaratta,2018,8049.472137757
684,wangaratta,2019,8023.370359048
685,wangaratta,2020,8476.471186096
686,wangaratta,2021,10470.236294578
687,wangaratta,2022,7568.109643991
688,wangaratta,2023,8899.40670622
689,wangaratta,2024,9099.093585701
858,wangaratta,2025,8987.271452412244
937,wangaratta,2026,8959.227466909599
1016,wangaratta,2027,8952.194287522458
690,warrnambool,2015,8757.535656521
691,warrnambool,2016,8842.941416973
692,warrnambool,2017,9997.103128621
693,warrnambool,2018,10507.423254745
694,warrnambool,2019,11058.568824066
695,warrnambool,2020,9221.299904004
696,warrnambool,2021,9335.929782971
697,warrnambool,2022,8393.298853159
698,warrnambool,2023,8666.833765004
699,warrnambool,2024,8897.613608566
859,warrnambool,2025,9307.477195235826
938,warrnambool,2026,8897.67886832698
1017,warrnambool,2027,9307.411945865708
700,wellington,2015,9714.629852682
701,wellington,2016,10645.531817138
702,wellington,2017,9997.264770241
703,wellington,2018,8353.491736938
704,wellington,2019,9528.605962933
705,wellington,2020,10191.774747811
706,wellington,2021,10451.076557655
707,wellington,2022,9725.435418395
708,wellington,2023,9743.300667765
709,wellington,2024,10732.523653819
860,wellington,2025,10905.53484579677
939,wellington,2026,10883.033443914524
1018,wellington,2027,10885.959919831363
710,west wimmera,2015,3900.352289884
711,west wimmera,2016,5130.810261621
712,west wimmera,2017,5010.12145749
713,west wimmera,2018,4011.099899092
714,west wimmera,2019,4498.617743152
715,west wimmera,2020,4231.347020531
716,west wimmera,2021,4198.089492207
717,west wimmera,2022,4235.353791529
718,west wimmera,2023,3712.17899822
719,west wimmera,2024,5031.280612759
861,west wimmera,2025,4579.602672379386
940,west wimmera,2026,4388.597100320765
1019,west wimmera,2027,4307.824662050305
720,whitehorse,2015,4500.266980243
721,whitehorse,2016,4843.758289564
722,whitehorse,2017,4956.606488142
723,whitehorse,2018,4661.442060184
724,whitehorse,2019,4875.982304307
725,whitehorse,2020,5278.459676233
726,whitehorse,2021,5091.274689175
727,whitehorse,2022,4315.004605839
728,whitehorse,2023,4950.206841731
729,whitehorse,2024,5698.885765555
862,whitehorse,2025,5762.21876557822
941,whitehorse,2026,5825.5379201943315
1020,whitehorse,2027,5888.843232430119
730,whittlesea,2015,6599.033767342
731,whittlesea,2016,7485.825227714
732,whittlesea,2017,7514.946881442
733,whittlesea,2018,6981.835984424
734,whittlesea,2019,7093.315403942
735,whittlesea,2020,7157.202216066
736,whittlesea,2021,6805.819756633
737,whittlesea,2022,5044.63551528
738,whittlesea,2023,5274.069599925
739,whittlesea,2024,5953.620459574
863,whittlesea,2025,6065.492607535562
942,whittlesea,2026,6058.0231941542215
1021,whittlesea,2027,6058.521907527281
740,wodonga,2015,8357.341355837
741,wodonga,2016,8628.428927681
742,wodonga,2017,7997.649190685
743,wodonga,2018,7980.06788474
744,wodonga,2019,7822.45033742
745,wodonga,2020,9018.890920171
746,wodonga,2021,7889.925243595
747,wodonga,2022,8097.721657974
748,wodonga,2023,8955.190170747
749,wodonga,2024,10499.607460707
864,wodonga,2025,10694.339194153054
943,wodonga,2026,10530.06179908818
1022,wodonga,2027,10668.647647689875
750,wyndham,2015,6054.766971447
751,wyndham,2016,6917.81787426
752,wyndham,2017,6097.949688086
753,wyndham,2018,5462.044278433
754,wyndham,2019,5605.762790034
755,wyndham,2020,6110.855853974
756,wyndham,2021,5876.715194957
757,wyndham,2022,5270.557663592
758,wyndham,2023,5653.728782703
759,wyndham,2024,5985.753864994
865,wyndham,2025,5871.766141499562
944,wyndham,2026,5819.258630771626
1023,wyndham,2027,5795.071476240209
760,yarra,2015,14087.60828709
761,yarra,2016,14893.319267122
762,yarra,2017,14210.130895315
763,yarra,2018,14436.044563578
764,yarra,2019,13654.913821677
765,yarra,2020,14629.326933024
766,yarra,2021,14508.145671485
767,yarra,2022,13448.134037579
768,yarra,2023,12913.553895411
769,yarra,2024,13543.60369278
866,yarra,2025,13772.111506962547
945,yarra,2026,13617.871127056933
1024,yarra,2027,13721.981767117684
770,yarra ranges,2015,4609.136129238
771,yarra ranges,2016,5692.345354515
772,yarra ranges,2017,5450.04339613
773,yarra ranges,2018,4989.893485575
774,yarra ranges,2019,5347.570002205
775,yarra ranges,2020,5494.22190891
776,yarra ranges,2021,5416.685194479
777,yarra ranges,2022,4444.740802835
778,yarra ranges,2023,4639.746934352
779,yarra ranges,2024,4430.096774867
867,yarra ranges,2025,4306.713999774803
946,yarra ranges,2026,4317.134960975661
1025,yarra ranges,2027,4316.254802199294
780,yarriambiack,2015,5523.000292997
781,yarriambiack,2016,7415.097137773
782,yarriambiack,2017,6768.038163387
783,yarriambiack,2018,7808.300985369
784,yarriambiack,2019,6082.397003745
785,yarriambiack,2020,8312.001204638
786,yarriambiack,2021,6298.003072197
787,yarriambiack,2022,6571.384185179
788,yarriambiack,2023,7168.570981374
789,yarriambiack,2024,8609.398033987
868,yarriambiack,2025,8391.308655750458
947,yarriambiack,2026,8525.497955967418
1026,yarriambiack,2027,8442.931952807066
